﻿username,password,cpassword,nickname,email,phone,sex	
aaaaaa2,Aa123456,Aa123456,ssssssr,1@163.com,12345678911,未知	
bbbbbb2,Aa123456,Aa123456,null,2@163.com,null,未知	
cccccc2,Aa123456,Aa123456,null,3@163.com,12345678911,未知	
dddddd2,Aa123456,Aa123456,ssssssr,4@163.com,null,未知	
哈哈哈2,Aa123456,Aa123456,ssssssr,5@163.com,12345678911,未知	
eeeeeeeee2,Aa123456,Aa123456,ssssssr,6@163.com,12345678911,未知	
ff2,Aa123456,Aa123456,ssssssr,7@163.com,12345678911,未知	
aaaaaa2,Aa123456,Aa123456,ssssssr,8@163.com,12345678911,未知	
null,Aa123456,Aa123456,ssssssr,9@163.com,12345678911,未知	
gggggg2,Aaaaaaaa,Aaaaaaaa,ssssssr,10@163.com,12345678911,未知	
hhhhhh2,AA123456,AA123456,ssssssr,11@163.com,12345678911,未知	
iiiiii2,aa123456,aa123456,ssssssr,12@163.com,12345678911,未知	
jjjjjj2,Aa1234,Aa1234,ssssssr,13@163.com,12345678911,未知	
kkkkkk2,Aa12345678910,Aa12345678910,ssssssr,14@163.com,12345678911,未知	
uuuuuu2,null,null,ssssssr,15@163.com,12345678911,未知	
mmmmmm2,Aa123456,Aa1234564,ssssssr,16@163.com,12345678911,未知	
nnnnnn2,Aa123456,Aa123456,sss-zar,17@163.com,12345678911,未知	
oooooo2,Aa123456,Aa123456,sssssssssr,18@163.com,12345678911,未知	
pppppp2,Aa123456,Aa123456,ssssssr,1919163.com,12345678911,未知	
qqqqqq2,Aa123456,Aa123456,sssssssssr,1@163.com,12345678911,未知	
rrrrrr2,Aa123456,Aa123456,ssssssr,null,12345678911,未知	
ssssss2,Aa123456,Aa123456,sssssssssr,20@163.com,1234567891,未知	
tttttt2,Aa123456,Aa123456,ssssssr,21@163.com,aaaaaaaaaaa,未知	
